"module_id","repo","provider","downloads","passed","failed","check_id","check_name","resource","file"
"Azure/naming/azurerm/0.4.3","Azure/terraform-azurerm-naming","azurerm","18049307","","","","","",""
"claranet/regions/azurerm/8.0.5","claranet/terraform-azurerm-regions","azurerm","7168848","","","","","",""
"Azure/avm-res-network-virtualnetwork/azurerm/0.19.0","Azure/terraform-azurerm-avm-res-network-virtualnetwork","azurerm","5050145","2","2","CKV_TF_1","Ensure Terraform module sources use a commit hash","interfaces","\main.interfaces.tf"
"Azure/avm-res-network-virtualnetwork/azurerm/0.19.0","Azure/terraform-azurerm-avm-res-network-virtualnetwork","azurerm","5050145","2","2","CKV_TF_1","Ensure Terraform module sources use a commit hash","module.subnet.interfaces","\modules\subnet\main.tf"
"Azure/avm-res-keyvault-vault/azurerm/0.10.2","Azure/terraform-azurerm-avm-res-keyvault-vault","azurerm","3309009","8","2","CKV_AZURE_109","Ensure that key vault allows firewall rules settings","azurerm_key_vault.this","\main.tf"
"Azure/avm-res-keyvault-vault/azurerm/0.10.2","Azure/terraform-azurerm-avm-res-keyvault-vault","azurerm","3309009","8","2","CKV_AZURE_112","Ensure that key vault key is backed by HSM","module.keys.azurerm_key_vault_key.this","\modules\key\main.tf"
"Azure/vnet/azurerm/5.0.1","Azure/terraform-azurerm-vnet","azurerm","3275789","4","0","","","",""
"Azure/avm-res-network-networksecuritygroup/azurerm/0.5.1","Azure/terraform-azurerm-avm-res-network-networksecuritygroup","azurerm","3264526","8","0","","","",""
"Azure/avm-res-storage-storageaccount/azurerm/0.7.3","Azure/terraform-azurerm-avm-res-storage-storageaccount","azurerm","3261139","11","11","CKV_TF_1","Ensure Terraform module sources use a commit hash","module.diagnostic_setting_blob.interfaces","\modules\diagnostic_setting\main.tf"
"Azure/avm-res-storage-storageaccount/azurerm/0.7.3","Azure/terraform-azurerm-avm-res-storage-storageaccount","azurerm","3261139","11","11","CKV_TF_1","Ensure Terraform module sources use a commit hash","module.diagnostic_setting_file.interfaces","\modules\diagnostic_setting\main.tf"
"Azure/avm-res-storage-storageaccount/azurerm/0.7.3","Azure/terraform-azurerm-avm-res-storage-storageaccount","azurerm","3261139","11","11","CKV_TF_1","Ensure Terraform module sources use a commit hash","module.diagnostic_setting_queue.interfaces","\modules\diagnostic_setting\main.tf"
"Azure/avm-res-storage-storageaccount/azurerm/0.7.3","Azure/terraform-azurerm-avm-res-storage-storageaccount","azurerm","3261139","11","11","CKV_TF_1","Ensure Terraform module sources use a commit hash","module.diagnostic_setting_storage_account.interfaces","\modules\diagnostic_setting\main.tf"
"Azure/avm-res-storage-storageaccount/azurerm/0.7.3","Azure/terraform-azurerm-avm-res-storage-storageaccount","azurerm","3261139","11","11","CKV_TF_1","Ensure Terraform module sources use a commit hash","module.diagnostic_setting_table.interfaces","\modules\diagnostic_setting\main.tf"
"Azure/avm-res-storage-storageaccount/azurerm/0.7.3","Azure/terraform-azurerm-avm-res-storage-storageaccount","azurerm","3261139","11","11","CKV_TF_1","Ensure Terraform module sources use a commit hash","module.role_assignments.interfaces","\modules\role_assignments\main.tf"
"Azure/avm-res-storage-storageaccount/azurerm/0.7.3","Azure/terraform-azurerm-avm-res-storage-storageaccount","azurerm","3261139","11","11","CKV_TF_1","Ensure Terraform module sources use a commit hash","module.containers.module.role_assignments.interfaces","\modules\role_assignments\main.tf"
"Azure/avm-res-storage-storageaccount/azurerm/0.7.3","Azure/terraform-azurerm-avm-res-storage-storageaccount","azurerm","3261139","11","11","CKV_TF_1","Ensure Terraform module sources use a commit hash","module.private_endpoints.module.role_assignments.interfaces","\modules\role_assignments\main.tf"
"Azure/avm-res-storage-storageaccount/azurerm/0.7.3","Azure/terraform-azurerm-avm-res-storage-storageaccount","azurerm","3261139","11","11","CKV_TF_1","Ensure Terraform module sources use a commit hash","module.queues.module.role_assignments.interfaces","\modules\role_assignments\main.tf"
"Azure/avm-res-storage-storageaccount/azurerm/0.7.3","Azure/terraform-azurerm-avm-res-storage-storageaccount","azurerm","3261139","11","11","CKV_TF_1","Ensure Terraform module sources use a commit hash","module.shares.module.role_assignments.interfaces","\modules\role_assignments\main.tf"
"Azure/avm-res-storage-storageaccount/azurerm/0.7.3","Azure/terraform-azurerm-avm-res-storage-storageaccount","azurerm","3261139","11","11","CKV_TF_1","Ensure Terraform module sources use a commit hash","module.tables.module.role_assignments.interfaces","\modules\role_assignments\main.tf"
"Azure/avm-res-compute-virtualmachine/azurerm/0.21.0","Azure/terraform-azurerm-avm-res-compute-virtualmachine","azurerm","2830648","7","0","","","",""
"Azure/avm-utl-regions/azurerm/0.12.0","Azure/terraform-azurerm-avm-utl-regions","azurerm","2740862","","","","","",""
"Azure/avm-res-managedidentity-userassignedidentity/azurerm/0.5.1","Azure/terraform-azurerm-avm-res-managedidentity-userassignedidentity","azurerm","2321893","","","","","",""
"Azure/avm-res-resources-resourcegroup/azurerm/0.4.0","Azure/terraform-azurerm-avm-res-resources-resourcegroup","azurerm","2259223","1","1","CKV_TF_1","Ensure Terraform module sources use a commit hash","interfaces","\main.tf"
"Azure/caf-enterprise-scale/azurerm/6.3.1","Azure/terraform-azurerm-caf-enterprise-scale","azurerm","1539833","5","5","CKV_AZURE_183","Ensure that VNET uses local DNS addresses","azurerm_virtual_network.connectivity","\resources.connectivity.tf"
"Azure/caf-enterprise-scale/azurerm/6.3.1","Azure/terraform-azurerm-caf-enterprise-scale","azurerm","1539833","5","5","CKV_AZURE_216","Ensure DenyIntelMode is set to Deny for Azure Firewalls","azurerm_firewall.connectivity","\resources.connectivity.tf"
"Azure/caf-enterprise-scale/azurerm/6.3.1","Azure/terraform-azurerm-caf-enterprise-scale","azurerm","1539833","5","5","CKV_AZURE_216","Ensure DenyIntelMode is set to Deny for Azure Firewalls","azurerm_firewall.virtual_wan","\resources.virtual_wan.tf"
"Azure/caf-enterprise-scale/azurerm/6.3.1","Azure/terraform-azurerm-caf-enterprise-scale","azurerm","1539833","5","5","CKV2_AZURE_24","Ensure Azure automation account does NOT have overly permissive network access","azurerm_automation_account.management","\resources.management.tf"
"Azure/caf-enterprise-scale/azurerm/6.3.1","Azure/terraform-azurerm-caf-enterprise-scale","azurerm","1539833","5","5","CKV2_AZURE_31","Ensure VNET subnet is configured with a Network Security Group (NSG)","azurerm_subnet.connectivity","\resources.connectivity.tf"
"claranet/diagnostic-settings/azurerm/8.2.4","claranet/terraform-azurerm-diagnostic-settings","azurerm","1466408","","","","","",""
"Azure/lz-vending/azurerm/7.0.3","Azure/terraform-azurerm-lz-vending","azurerm","1308627","6","6","CKV_TF_1","Ensure Terraform module sources use a commit hash","module.roleassignment.role_definitions","\modules\roleassignment\main.tf"
"Azure/lz-vending/azurerm/7.0.3","Azure/terraform-azurerm-lz-vending","azurerm","1308627","6","6","CKV_TF_1","Ensure Terraform module sources use a commit hash","module.roleassignment_umi.role_definitions","\modules\roleassignment\main.tf"
"Azure/lz-vending/azurerm/7.0.3","Azure/terraform-azurerm-lz-vending","azurerm","1308627","6","6","CKV_TF_1","Ensure Terraform module sources use a commit hash","module.virtualnetwork.virtual_networks","\modules\virtualnetwork\main.tf"
"Azure/lz-vending/azurerm/7.0.3","Azure/terraform-azurerm-lz-vending","azurerm","1308627","6","6","CKV_TF_1","Ensure Terraform module sources use a commit hash","module.virtualnetwork.peering_hub_outbound","\modules\virtualnetwork\main.tf"
"Azure/lz-vending/azurerm/7.0.3","Azure/terraform-azurerm-lz-vending","azurerm","1308627","6","6","CKV_TF_1","Ensure Terraform module sources use a commit hash","module.virtualnetwork.peering_hub_inbound","\modules\virtualnetwork\main.tf"
"Azure/lz-vending/azurerm/7.0.3","Azure/terraform-azurerm-lz-vending","azurerm","1308627","6","6","CKV_TF_1","Ensure Terraform module sources use a commit hash","module.virtualnetwork.peering_mesh","\modules\virtualnetwork\main.tf"
"Azure/aks/azurerm/11.7.0","Azure/terraform-azurerm-aks","azurerm","1242166","9","13","CKV_AZURE_227","Ensure that the AKS cluster encrypt temp disks, caches, and data flows between Compute and Storage resources","azurerm_kubernetes_cluster_node_pool.node_pool_create_before_destroy","\extra_node_pool.tf"
"Azure/aks/azurerm/11.7.0","Azure/terraform-azurerm-aks","azurerm","1242166","9","13","CKV_AZURE_168","Ensure Azure Kubernetes Cluster (AKS) nodes should use a minimum number of 50 pods.","azurerm_kubernetes_cluster_node_pool.node_pool_create_before_destroy","\extra_node_pool.tf"
"Azure/aks/azurerm/11.7.0","Azure/terraform-azurerm-aks","azurerm","1242166","9","13","CKV_AZURE_227","Ensure that the AKS cluster encrypt temp disks, caches, and data flows between Compute and Storage resources","azurerm_kubernetes_cluster_node_pool.node_pool_create_after_destroy","\extra_node_pool.tf"
"Azure/aks/azurerm/11.7.0","Azure/terraform-azurerm-aks","azurerm","1242166","9","13","CKV_AZURE_168","Ensure Azure Kubernetes Cluster (AKS) nodes should use a minimum number of 50 pods.","azurerm_kubernetes_cluster_node_pool.node_pool_create_after_destroy","\extra_node_pool.tf"
"Azure/aks/azurerm/11.7.0","Azure/terraform-azurerm-aks","azurerm","1242166","9","13","CKV_AZURE_115","Ensure that AKS enables private clusters","azurerm_kubernetes_cluster.main","\main.tf"
"Azure/aks/azurerm/11.7.0","Azure/terraform-azurerm-aks","azurerm","1242166","9","13","CKV_AZURE_227","Ensure that the AKS cluster encrypt temp disks, caches, and data flows between Compute and Storage resources","azurerm_kubernetes_cluster.main","\main.tf"
"Azure/aks/azurerm/11.7.0","Azure/terraform-azurerm-aks","azurerm","1242166","9","13","CKV_AZURE_226","Ensure ephemeral disks are used for OS disks","azurerm_kubernetes_cluster.main","\main.tf"
"Azure/aks/azurerm/11.7.0","Azure/terraform-azurerm-aks","azurerm","1242166","9","13","CKV_AZURE_170","Ensure that AKS use the Paid Sku for its SLA","azurerm_kubernetes_cluster.main","\main.tf"
"Azure/aks/azurerm/11.7.0","Azure/terraform-azurerm-aks","azurerm","1242166","9","13","CKV_AZURE_168","Ensure Azure Kubernetes Cluster (AKS) nodes should use a minimum number of 50 pods.","azurerm_kubernetes_cluster.main","\main.tf"
"Azure/aks/azurerm/11.7.0","Azure/terraform-azurerm-aks","azurerm","1242166","9","13","CKV_AZURE_232","Ensure that only critical system pods run on system nodes","azurerm_kubernetes_cluster.main","\main.tf"
"Azure/aks/azurerm/11.7.0","Azure/terraform-azurerm-aks","azurerm","1242166","9","13","CKV_AZURE_5","Ensure RBAC is enabled on AKS clusters","azurerm_kubernetes_cluster.main","\main.tf"
"Azure/aks/azurerm/11.7.0","Azure/terraform-azurerm-aks","azurerm","1242166","9","13","CKV_AZURE_116","Ensure that AKS uses Azure Policies Add-on","azurerm_kubernetes_cluster.main","\main.tf"
"Azure/aks/azurerm/11.7.0","Azure/terraform-azurerm-aks","azurerm","1242166","9","13","CKV2_AZURE_29","Ensure AKS cluster has Azure CNI networking enabled","azurerm_kubernetes_cluster.main","\main.tf"
"Azure/avm-res-network-privatednszone/azurerm/0.5.0","Azure/terraform-azurerm-avm-res-network-privatednszone","azurerm","1048347","1","1","CKV_TF_1","Ensure Terraform module sources use a commit hash","avm_interfaces","\main.tf"
"Azure/avm-res-network-routetable/azurerm/0.5.0","Azure/terraform-azurerm-avm-res-network-routetable","azurerm","996545","","","","","",""
"Azure/avm-res-operationalinsights-workspace/azurerm/0.5.1","Azure/terraform-azurerm-avm-res-operationalinsights-workspace","azurerm","980449","","","","","",""
"Azure/avm-res-cognitiveservices-account/azurerm/0.11.1","Azure/terraform-azurerm-avm-res-cognitiveservices-account","azurerm","843553","1","1","CKV_TF_1","Ensure Terraform module sources use a commit hash","private_endpoint_interfaces","\main.privateendpoint.tf"
"Azure/avm-res-network-publicipaddress/azurerm/0.2.1","Azure/terraform-azurerm-avm-res-network-publicipaddress","azurerm","767041","","","","","",""
"Azure/network-security-group/azurerm/4.1.0","Azure/terraform-azurerm-network-security-group","azurerm","677926","144","0","","","",""
"Azure/avm-res-network-firewallpolicy/azurerm/0.3.4","Azure/terraform-azurerm-avm-res-network-firewallpolicy","azurerm","677250","","","","","",""
"claranet/rg/azurerm/8.0.6","claranet/terraform-azurerm-rg","azurerm","673769","","","","","",""
"Azure/network/azurerm/5.3.0","Azure/terraform-azurerm-network","azurerm","659426","2","2","CKV2_AZURE_31","Ensure VNET subnet is configured with a Network Security Group (NSG)","azurerm_subnet.subnet_count","\main.tf"
"Azure/network/azurerm/5.3.0","Azure/terraform-azurerm-network","azurerm","659426","2","2","CKV2_AZURE_31","Ensure VNET subnet is configured with a Network Security Group (NSG)","azurerm_subnet.subnet_for_each","\main.tf"
"Azure/avm-res-network-privateendpoint/azurerm/0.2.0","Azure/terraform-azurerm-avm-res-network-privateendpoint","azurerm","594023","","","","","",""
"Azure/avm-res-containerregistry-registry/azurerm/0.5.1","Azure/terraform-azurerm-avm-res-containerregistry-registry","azurerm","581660","5","5","CKV_AZURE_237","Ensure dedicated data endpoints are enabled.","azurerm_container_registry.this","\main.tf"
"Azure/avm-res-containerregistry-registry/azurerm/0.5.1","Azure/terraform-azurerm-avm-res-containerregistry-registry","azurerm","581660","5","5","CKV_AZURE_166","Ensure container image quarantine, scan, and mark images verified","azurerm_container_registry.this","\main.tf"
"Azure/avm-res-containerregistry-registry/azurerm/0.5.1","Azure/terraform-azurerm-avm-res-containerregistry-registry","azurerm","581660","5","5","CKV_AZURE_233","Ensure Azure Container Registry (ACR) is zone redundant","azurerm_container_registry.this","\main.tf"
"Azure/avm-res-containerregistry-registry/azurerm/0.5.1","Azure/terraform-azurerm-avm-res-containerregistry-registry","azurerm","581660","5","5","CKV_AZURE_139","Ensure ACR set to disable public networking","azurerm_container_registry.this","\main.tf"
"Azure/avm-res-containerregistry-registry/azurerm/0.5.1","Azure/terraform-azurerm-avm-res-containerregistry-registry","azurerm","581660","5","5","CKV_AZURE_164","Ensures that ACR uses signed/trusted images","azurerm_container_registry.this","\main.tf"
"Azure/avm-res-web-site/azurerm/0.22.0","Azure/terraform-azurerm-avm-res-web-site","azurerm","532012","2","2","CKV_TF_1","Ensure Terraform module sources use a commit hash","avm_interfaces","\main.interfaces.tf"
"Azure/avm-res-web-site/azurerm/0.22.0","Azure/terraform-azurerm-avm-res-web-site","azurerm","532012","2","2","CKV_TF_1","Ensure Terraform module sources use a commit hash","module.slot.avm_interfaces","\modules\slot\main.interfaces.tf"
"Azure/avm-res-network-bastionhost/azurerm/0.9.0","Azure/terraform-azurerm-avm-res-network-bastionhost","azurerm","503654","1","1","CKV_TF_1","Ensure Terraform module sources use a commit hash","public_ip_address","\main.tf"
"Azure/avm-res-network-azurefirewall/azurerm/0.4.0","Azure/terraform-azurerm-avm-res-network-azurefirewall","azurerm","463799","1","1","CKV_AZURE_216","Ensure DenyIntelMode is set to Deny for Azure Firewalls","azurerm_firewall.this","\main.tf"
"Azure/avm-res-containerservice-managedcluster/azurerm/0.6.7","Azure/terraform-azurerm-avm-res-containerservice-managedcluster","azurerm","455762","","","","","",""
"Azure/avm-res-network-dnsresolver/azurerm/0.8.0","Azure/terraform-azurerm-avm-res-network-dnsresolver","azurerm","450807","","","","","",""
"Azure/avm-ptn-alz/azurerm/0.21.0","Azure/terraform-azurerm-avm-ptn-alz","azurerm","448787","1","1","CKV_TF_1","Ensure Terraform module sources use a commit hash","avm_interfaces","\main.role_assignments.tf"
"Azure/avm-res-insights-component/azurerm/0.4.0","Azure/terraform-azurerm-avm-res-insights-component","azurerm","435734","1","1","CKV_TF_1","Ensure Terraform module sources use a commit hash","avm_interfaces","\main.indexes.tf"
"Azure/avm-res-authorization-roleassignment/azurerm/0.3.1","Azure/terraform-azurerm-avm-res-authorization-roleassignment","azurerm","429130","","","","","",""
"claranet/subnet/azurerm/8.1.4","claranet/terraform-azurerm-subnet","azurerm","425117","1","0","","","",""
"Azure/avm-ptn-network-private-link-private-dns-zones/azurerm/0.23.2","Azure/terraform-azurerm-avm-ptn-network-private-link-private-dns-zones","azurerm","390165","3","3","CKV_TF_1","Ensure Terraform module sources use a commit hash","avm_interfaces","\main.tf"
"Azure/avm-ptn-network-private-link-private-dns-zones/azurerm/0.23.2","Azure/terraform-azurerm-avm-ptn-network-private-link-private-dns-zones","azurerm","390165","3","3","CKV_TF_1","Ensure Terraform module sources use a commit hash","regions","\main.tf"
"Azure/avm-ptn-network-private-link-private-dns-zones/azurerm/0.23.2","Azure/terraform-azurerm-avm-ptn-network-private-link-private-dns-zones","azurerm","390165","3","3","CKV_TF_1","Ensure Terraform module sources use a commit hash","avm_res_network_privatednszone","\main.tf"
"Azure/avm-res-documentdb-databaseaccount/azurerm/0.10.0","Azure/terraform-azurerm-avm-res-documentdb-databaseaccount","azurerm","367373","4","1","CKV_AZURE_140","Ensure that Local Authentication is disabled on CosmosDB","azurerm_cosmosdb_account.this","\main.tf"
"Azure/avm-res-web-serverfarm/azurerm/2.0.7","Azure/terraform-azurerm-avm-res-web-serverfarm","azurerm","357279","1","1","CKV_TF_1","Ensure Terraform module sources use a commit hash","avm_interfaces","\main.tf"
"claranet/keyvault/azurerm/8.2.2","claranet/terraform-azurerm-keyvault","azurerm","347867","5","3","CKV_TF_1","Ensure Terraform module sources use a commit hash","diagnostics","\m-logs.tf"
"claranet/keyvault/azurerm/8.2.2","claranet/terraform-azurerm-keyvault","azurerm","347867","5","3","CKV_AZURE_109","Ensure that key vault allows firewall rules settings","azurerm_key_vault.main[0]","\r-keyvault.tf"
"claranet/keyvault/azurerm/8.2.2","claranet/terraform-azurerm-keyvault","azurerm","347867","5","3","CKV2_AZURE_32","Ensure private endpoint is configured to key vault","azurerm_key_vault.main[0]","\r-keyvault.tf"
"Azure/avm-res-sql-server/azurerm/0.2.1","Azure/terraform-azurerm-avm-res-sql-server","azurerm","346971","8","5","CKV_AZURE_224","Ensure that the Ledger feature is enabled on database that requires cryptographic proof and nonrepudiation of data integrity","module.database.azurerm_mssql_database.this","\modules\database\main.tf"
"Azure/avm-res-sql-server/azurerm/0.2.1","Azure/terraform-azurerm-avm-res-sql-server","azurerm","346971","8","5","CKV_AZURE_229","Ensure the Azure SQL Database Namespace is zone redundant","module.database.azurerm_mssql_database.this","\modules\database\main.tf"
"Azure/avm-res-sql-server/azurerm/0.2.1","Azure/terraform-azurerm-avm-res-sql-server","azurerm","346971","8","5","CKV_AZURE_23","Ensure that 'Auditing' is set to 'On' for SQL servers","azurerm_mssql_server.this","\main.tf"
"Azure/avm-res-sql-server/azurerm/0.2.1","Azure/terraform-azurerm-avm-res-sql-server","azurerm","346971","8","5","CKV_AZURE_24","Ensure that 'Auditing' Retention is 'greater than 90 days' for SQL servers","azurerm_mssql_server.this","\main.tf"
"Azure/avm-res-sql-server/azurerm/0.2.1","Azure/terraform-azurerm-avm-res-sql-server","azurerm","346971","8","5","CKV2_AZURE_2","Ensure that Vulnerability Assessment (VA) is enabled on a SQL server by setting a Storage Account","azurerm_mssql_server.this","\main.tf"
"Azure/avm-res-dbforpostgresql-flexibleserver/azurerm/0.2.3","Azure/terraform-azurerm-avm-res-dbforpostgresql-flexibleserver","azurerm","337881","1","1","CKV2_AZURE_26","Ensure Azure PostgreSQL Flexible server is not configured with overly permissive network access","azurerm_postgresql_flexible_server_firewall_rule.this[""rule1""]","\main.firewallrule.tf"
"Azure/avm-ptn-alz-management/azurerm/0.9.0","Azure/terraform-azurerm-avm-ptn-alz-management","azurerm","335322","1","1","CKV2_AZURE_24","Ensure Azure automation account does NOT have overly permissive network access","azurerm_automation_account.management","\main.tf"
"Azure/avm-res-network-ddosprotectionplan/azurerm/0.3.0","Azure/terraform-azurerm-avm-res-network-ddosprotectionplan","azurerm","327254","","","","","",""
"Azure/compute/azurerm/5.3.1","Azure/terraform-azurerm-compute","azurerm","319428","14","13","CKV_AZURE_251","Ensure Azure Virtual Machine disks are configured without public network access","azurerm_managed_disk.vm_data_disk","\main.tf"
"Azure/compute/azurerm/5.3.1","Azure/terraform-azurerm-compute","azurerm","319428","14","13","CKV_AZURE_251","Ensure Azure Virtual Machine disks are configured without public network access","azurerm_managed_disk.vm_extra_disk","\main.tf"
"Azure/compute/azurerm/5.3.1","Azure/terraform-azurerm-compute","azurerm","319428","14","13","CKV2_AZURE_47","Ensure storage account is configured without blob anonymous access","azurerm_storage_account.vm_sa","\main.tf"
"Azure/compute/azurerm/5.3.1","Azure/terraform-azurerm-compute","azurerm","319428","14","13","CKV2_AZURE_40","Ensure storage account is not configured with Shared Key authorization","azurerm_storage_account.vm_sa","\main.tf"
"Azure/compute/azurerm/5.3.1","Azure/terraform-azurerm-compute","azurerm","319428","14","13","CKV2_AZURE_33","Ensure storage account is configured with private endpoint","azurerm_storage_account.vm_sa","\main.tf"
"Azure/compute/azurerm/5.3.1","Azure/terraform-azurerm-compute","azurerm","319428","14","13","CKV2_AZURE_41","Ensure storage account is configured with SAS expiration policy","azurerm_storage_account.vm_sa","\main.tf"
"Azure/compute/azurerm/5.3.1","Azure/terraform-azurerm-compute","azurerm","319428","14","13","CKV2_AZURE_38","Ensure soft-delete is enabled on Azure storage account","azurerm_storage_account.vm_sa","\main.tf"
"Azure/compute/azurerm/5.3.1","Azure/terraform-azurerm-compute","azurerm","319428","14","13","CKV2_AZURE_1","Ensure storage for critical data are encrypted with Customer Managed Key","azurerm_storage_account.vm_sa","\main.tf"
"Azure/compute/azurerm/5.3.1","Azure/terraform-azurerm-compute","azurerm","319428","14","13","CKV2_AZURE_12","Ensure that virtual machines are backed up using Azure Backup","azurerm_virtual_machine.vm_linux","\main.tf"
"Azure/compute/azurerm/5.3.1","Azure/terraform-azurerm-compute","azurerm","319428","14","13","CKV2_AZURE_12","Ensure that virtual machines are backed up using Azure Backup","azurerm_virtual_machine.vm_windows","\main.tf"
"Azure/compute/azurerm/5.3.1","Azure/terraform-azurerm-compute","azurerm","319428","14","13","CKV2_AZURE_10","Ensure that Microsoft Antimalware is configured to automatically updates for Virtual Machines","azurerm_virtual_machine.vm_windows","\main.tf"
"Azure/compute/azurerm/5.3.1","Azure/terraform-azurerm-compute","azurerm","319428","14","13","CKV2_AZURE_10","Ensure that Microsoft Antimalware is configured to automatically updates for Virtual Machines","azurerm_virtual_machine.vm_linux","\main.tf"
"Azure/compute/azurerm/5.3.1","Azure/terraform-azurerm-compute","azurerm","319428","14","13","CKV2_AZURE_39","Ensure Azure VM is not configured with public IP and serial console access","azurerm_network_interface.vm[0]","\main.tf"
"claranet/nsg/azurerm/8.1.5","claranet/terraform-azurerm-nsg","azurerm","312482","16","0","","","",""
"Azure/avm-res-network-applicationgateway/azurerm/0.5.2","Azure/terraform-azurerm-avm-res-network-applicationgateway","azurerm","298431","1","1","CKV_AZURE_218","Ensure Application Gateway defines secure protocols for in transit communication","azurerm_application_gateway.this","\main.tf"
"claranet/vnet/azurerm/8.1.4","claranet/terraform-azurerm-vnet","azurerm","296450","2","0","","","",""
"Azure/avm-res-app-containerapp/azurerm/0.9.0","Azure/terraform-azurerm-avm-res-app-containerapp","azurerm","293249","1","1","CKV_TF_1","Ensure Terraform module sources use a commit hash","avm_interfaces","\main.interfaces.tf"
"Azure/avm-res-network-natgateway/azurerm/0.3.2","Azure/terraform-azurerm-avm-res-network-natgateway","azurerm","290584","1","1","CKV_TF_1","Ensure Terraform module sources use a commit hash","avm_interfaces","\main.tf"
"claranet/storage-sas-token/azurerm/8.2.4","claranet/terraform-azurerm-storage-sas-token","azurerm","275366","","","","","",""
"claranet/vnet-peering/azurerm/8.1.4","claranet/terraform-azurerm-vnet-peering","azurerm","268420","","","","","",""
"Azure/avm-ptn-virtualwan/azurerm/0.14.1","Azure/terraform-azurerm-avm-ptn-virtualwan","azurerm","261961","1","1","CKV_AZURE_216","Ensure DenyIntelMode is set to Deny for Azure Firewalls","module.firewalls.azurerm_firewall.fw","\modules\firewall\main.tf"
"Azure/avm-res-cache-redis/azurerm/0.4.0","Azure/terraform-azurerm-avm-res-cache-redis","azurerm","260485","3","1","CKV_AZURE_89","Ensure that Azure Cache for Redis disables public network access","azurerm_redis_cache.this","\main.rediscache.tf"
"Azure/avm-ptn-alz-connectivity-hub-and-spoke-vnet/azurerm/0.17.3","Azure/terraform-azurerm-avm-ptn-alz-connectivity-hub-and-spoke-vnet","azurerm","249919","22","21","CKV_TF_1","Ensure Terraform module sources use a commit hash","regions","\main.availability_zones.tf"
"Azure/avm-ptn-alz-connectivity-hub-and-spoke-vnet/azurerm/0.17.3","Azure/terraform-azurerm-avm-ptn-alz-connectivity-hub-and-spoke-vnet","azurerm","249919","22","21","CKV_TF_1","Ensure Terraform module sources use a commit hash","virtual_network_ip_prefixes","\main.ip_ranges.tf"
"Azure/avm-ptn-alz-connectivity-hub-and-spoke-vnet/azurerm/0.17.3","Azure/terraform-azurerm-avm-ptn-alz-connectivity-hub-and-spoke-vnet","azurerm","249919","22","21","CKV_TF_1","Ensure Terraform module sources use a commit hash","virtual_network_subnet_ip_prefixes","\main.ip_ranges.tf"
"Azure/avm-ptn-alz-connectivity-hub-and-spoke-vnet/azurerm/0.17.3","Azure/terraform-azurerm-avm-ptn-alz-connectivity-hub-and-spoke-vnet","azurerm","249919","22","21","CKV_TF_1","Ensure Terraform module sources use a commit hash","gateway_route_table","\main.tf"
"Azure/avm-ptn-alz-connectivity-hub-and-spoke-vnet/azurerm/0.17.3","Azure/terraform-azurerm-avm-ptn-alz-connectivity-hub-and-spoke-vnet","azurerm","249919","22","21","CKV_TF_1","Ensure Terraform module sources use a commit hash","gateway_route_table_routes","\main.tf"
"Azure/avm-ptn-alz-connectivity-hub-and-spoke-vnet/azurerm/0.17.3","Azure/terraform-azurerm-avm-ptn-alz-connectivity-hub-and-spoke-vnet","azurerm","249919","22","21","CKV_TF_1","Ensure Terraform module sources use a commit hash","dns_resolver","\main.tf"
"Azure/avm-ptn-alz-connectivity-hub-and-spoke-vnet/azurerm/0.17.3","Azure/terraform-azurerm-avm-ptn-alz-connectivity-hub-and-spoke-vnet","azurerm","249919","22","21","CKV_TF_1","Ensure Terraform module sources use a commit hash","private_dns_zones","\main.tf"
"Azure/avm-ptn-alz-connectivity-hub-and-spoke-vnet/azurerm/0.17.3","Azure/terraform-azurerm-avm-ptn-alz-connectivity-hub-and-spoke-vnet","azurerm","249919","22","21","CKV_TF_1","Ensure Terraform module sources use a commit hash","private_dns_zone_auto_registration","\main.tf"
"Azure/avm-ptn-alz-connectivity-hub-and-spoke-vnet/azurerm/0.17.3","Azure/terraform-azurerm-avm-ptn-alz-connectivity-hub-and-spoke-vnet","azurerm","249919","22","21","CKV_TF_1","Ensure Terraform module sources use a commit hash","ddos_protection_plan","\main.tf"
"Azure/avm-ptn-alz-connectivity-hub-and-spoke-vnet/azurerm/0.17.3","Azure/terraform-azurerm-avm-ptn-alz-connectivity-hub-and-spoke-vnet","azurerm","249919","22","21","CKV_TF_1","Ensure Terraform module sources use a commit hash","bastion_public_ip","\main.tf"
"Azure/avm-ptn-alz-connectivity-hub-and-spoke-vnet/azurerm/0.17.3","Azure/terraform-azurerm-avm-ptn-alz-connectivity-hub-and-spoke-vnet","azurerm","249919","22","21","CKV_TF_1","Ensure Terraform module sources use a commit hash","bastion_host","\main.tf"
"Azure/avm-ptn-alz-connectivity-hub-and-spoke-vnet/azurerm/0.17.3","Azure/terraform-azurerm-avm-ptn-alz-connectivity-hub-and-spoke-vnet","azurerm","249919","22","21","CKV_TF_1","Ensure Terraform module sources use a commit hash","module.hub_and_spoke_vnet.hub_firewalls","\modules\hub-virtual-network-mesh\main.firewall.tf"
"Azure/avm-ptn-alz-connectivity-hub-and-spoke-vnet/azurerm/0.17.3","Azure/terraform-azurerm-avm-ptn-alz-connectivity-hub-and-spoke-vnet","azurerm","249919","22","21","CKV_TF_1","Ensure Terraform module sources use a commit hash","module.hub_and_spoke_vnet.fw_default_ips","\modules\hub-virtual-network-mesh\main.firewall.tf"
"Azure/avm-ptn-alz-connectivity-hub-and-spoke-vnet/azurerm/0.17.3","Azure/terraform-azurerm-avm-ptn-alz-connectivity-hub-and-spoke-vnet","azurerm","249919","22","21","CKV_TF_1","Ensure Terraform module sources use a commit hash","module.hub_and_spoke_vnet.fw_management_ips","\modules\hub-virtual-network-mesh\main.firewall.tf"
"Azure/avm-ptn-alz-connectivity-hub-and-spoke-vnet/azurerm/0.17.3","Azure/terraform-azurerm-avm-ptn-alz-connectivity-hub-and-spoke-vnet","azurerm","249919","22","21","CKV_TF_1","Ensure Terraform module sources use a commit hash","module.hub_and_spoke_vnet.fw_policies","\modules\hub-virtual-network-mesh\main.firewall.tf"
"Azure/avm-ptn-alz-connectivity-hub-and-spoke-vnet/azurerm/0.17.3","Azure/terraform-azurerm-avm-ptn-alz-connectivity-hub-and-spoke-vnet","azurerm","249919","22","21","CKV_TF_1","Ensure Terraform module sources use a commit hash","module.hub_and_spoke_vnet.nat_gateway","\modules\hub-virtual-network-mesh\main.natgw.tf"
"Azure/avm-ptn-alz-connectivity-hub-and-spoke-vnet/azurerm/0.17.3","Azure/terraform-azurerm-avm-ptn-alz-connectivity-hub-and-spoke-vnet","azurerm","249919","22","21","CKV_TF_1","Ensure Terraform module sources use a commit hash","module.hub_and_spoke_vnet.hub_routing_firewall","\modules\hub-virtual-network-mesh\main.routing.tf"
"Azure/avm-ptn-alz-connectivity-hub-and-spoke-vnet/azurerm/0.17.3","Azure/terraform-azurerm-avm-ptn-alz-connectivity-hub-and-spoke-vnet","azurerm","249919","22","21","CKV_TF_1","Ensure Terraform module sources use a commit hash","module.hub_and_spoke_vnet.hub_routing_user_subnets","\modules\hub-virtual-network-mesh\main.routing.tf"
"Azure/avm-ptn-alz-connectivity-hub-and-spoke-vnet/azurerm/0.17.3","Azure/terraform-azurerm-avm-ptn-alz-connectivity-hub-and-spoke-vnet","azurerm","249919","22","21","CKV_TF_1","Ensure Terraform module sources use a commit hash","module.hub_and_spoke_vnet.hub_virtual_networks","\modules\hub-virtual-network-mesh\main.tf"
"Azure/avm-ptn-alz-connectivity-hub-and-spoke-vnet/azurerm/0.17.3","Azure/terraform-azurerm-avm-ptn-alz-connectivity-hub-and-spoke-vnet","azurerm","249919","22","21","CKV_TF_1","Ensure Terraform module sources use a commit hash","module.hub_and_spoke_vnet.hub_virtual_network_subnets","\modules\hub-virtual-network-mesh\main.tf"
"Azure/avm-ptn-alz-connectivity-hub-and-spoke-vnet/azurerm/0.17.3","Azure/terraform-azurerm-avm-ptn-alz-connectivity-hub-and-spoke-vnet","azurerm","249919","22","21","CKV_TF_1","Ensure Terraform module sources use a commit hash","module.hub_and_spoke_vnet.hub_virtual_network_peering","\modules\hub-virtual-network-mesh\main.tf"
"Azure/avm-res-servicebus-namespace/azurerm/0.4.0","Azure/terraform-azurerm-avm-res-servicebus-namespace","azurerm","238781","3","2","CKV_AZURE_203","Ensure Azure Service Bus Local Authentication is disabled","azurerm_servicebus_namespace.this","\main.tf"
"Azure/avm-res-servicebus-namespace/azurerm/0.4.0","Azure/terraform-azurerm-avm-res-servicebus-namespace","azurerm","238781","3","2","CKV_AZURE_204","Ensure 'public network access enabled' is set to 'False' for Azure Service Bus","azurerm_servicebus_namespace.this","\main.tf"
"Azure/avm-ptn-alz-connectivity-virtual-wan/azurerm/0.16.1","Azure/terraform-azurerm-avm-ptn-alz-connectivity-virtual-wan","azurerm","226048","12","12","CKV_TF_1","Ensure Terraform module sources use a commit hash","regions","\main.availability_zones.tf"
"Azure/avm-ptn-alz-connectivity-virtual-wan/azurerm/0.16.1","Azure/terraform-azurerm-avm-ptn-alz-connectivity-virtual-wan","azurerm","226048","12","12","CKV_TF_1","Ensure Terraform module sources use a commit hash","virtual_network_ip_prefixes","\main.ip_ranges.tf"
"Azure/avm-ptn-alz-connectivity-virtual-wan/azurerm/0.16.1","Azure/terraform-azurerm-avm-ptn-alz-connectivity-virtual-wan","azurerm","226048","12","12","CKV_TF_1","Ensure Terraform module sources use a commit hash","virtual_network_subnet_ip_prefixes","\main.ip_ranges.tf"
"Azure/avm-ptn-alz-connectivity-virtual-wan/azurerm/0.16.1","Azure/terraform-azurerm-avm-ptn-alz-connectivity-virtual-wan","azurerm","226048","12","12","CKV_TF_1","Ensure Terraform module sources use a commit hash","firewall_policy","\main.tf"
"Azure/avm-ptn-alz-connectivity-virtual-wan/azurerm/0.16.1","Azure/terraform-azurerm-avm-ptn-alz-connectivity-virtual-wan","azurerm","226048","12","12","CKV_TF_1","Ensure Terraform module sources use a commit hash","virtual_network_side_car","\main.tf"
"Azure/avm-ptn-alz-connectivity-virtual-wan/azurerm/0.16.1","Azure/terraform-azurerm-avm-ptn-alz-connectivity-virtual-wan","azurerm","226048","12","12","CKV_TF_1","Ensure Terraform module sources use a commit hash","dns_resolver","\main.tf"
"Azure/avm-ptn-alz-connectivity-virtual-wan/azurerm/0.16.1","Azure/terraform-azurerm-avm-ptn-alz-connectivity-virtual-wan","azurerm","226048","12","12","CKV_TF_1","Ensure Terraform module sources use a commit hash","private_dns_zones","\main.tf"
"Azure/avm-ptn-alz-connectivity-virtual-wan/azurerm/0.16.1","Azure/terraform-azurerm-avm-ptn-alz-connectivity-virtual-wan","azurerm","226048","12","12","CKV_TF_1","Ensure Terraform module sources use a commit hash","private_dns_zone_auto_registration","\main.tf"
"Azure/avm-ptn-alz-connectivity-virtual-wan/azurerm/0.16.1","Azure/terraform-azurerm-avm-ptn-alz-connectivity-virtual-wan","azurerm","226048","12","12","CKV_TF_1","Ensure Terraform module sources use a commit hash","ddos_protection_plan","\main.tf"
"Azure/avm-ptn-alz-connectivity-virtual-wan/azurerm/0.16.1","Azure/terraform-azurerm-avm-ptn-alz-connectivity-virtual-wan","azurerm","226048","12","12","CKV_TF_1","Ensure Terraform module sources use a commit hash","bastion_public_ip","\main.tf"
"Azure/avm-ptn-alz-connectivity-virtual-wan/azurerm/0.16.1","Azure/terraform-azurerm-avm-ptn-alz-connectivity-virtual-wan","azurerm","226048","12","12","CKV_TF_1","Ensure Terraform module sources use a commit hash","bastion_host","\main.tf"
"Azure/avm-ptn-alz-connectivity-virtual-wan/azurerm/0.16.1","Azure/terraform-azurerm-avm-ptn-alz-connectivity-virtual-wan","azurerm","226048","12","12","CKV_AZURE_216","Ensure DenyIntelMode is set to Deny for Azure Firewalls","module.virtual_wan.module.firewalls.azurerm_firewall.fw","\modules\firewall\main.tf"
"Azure/avm-ptn-vnetgateway/azurerm/0.10.3","Azure/terraform-azurerm-avm-ptn-vnetgateway","azurerm","224421","1","0","","","",""
"Azure/avm-res-app-managedenvironment/azurerm/0.5.0","Azure/terraform-azurerm-avm-res-app-managedenvironment","azurerm","193263","","","","","",""
"claranet/tagging/azurerm/8.0.2","claranet/terraform-azurerm-tagging","azurerm","192697","","","","","",""
"claranet/app-service-plan/azurerm/8.3.3","claranet/terraform-azurerm-app-service-plan","azurerm","185703","2","1","CKV_TF_1","Ensure Terraform module sources use a commit hash","diagnostics","\m-logs.tf"
"Azure/avm-ptn-aiml-ai-foundry/azurerm/0.11.2","Azure/terraform-azurerm-avm-ptn-aiml-ai-foundry","azurerm","180587","4","4","CKV_TF_1","Ensure Terraform module sources use a commit hash","avm_utl_regions","\main.byor.tf"
"Azure/avm-ptn-aiml-ai-foundry/azurerm/0.11.2","Azure/terraform-azurerm-avm-ptn-aiml-ai-foundry","azurerm","180587","4","4","CKV_TF_1","Ensure Terraform module sources use a commit hash","key_vault","\main.byor.tf"
"Azure/avm-ptn-aiml-ai-foundry/azurerm/0.11.2","Azure/terraform-azurerm-avm-ptn-aiml-ai-foundry","azurerm","180587","4","4","CKV_TF_1","Ensure Terraform module sources use a commit hash","storage_account","\main.byor.tf"
"Azure/avm-ptn-aiml-ai-foundry/azurerm/0.11.2","Azure/terraform-azurerm-avm-ptn-aiml-ai-foundry","azurerm","180587","4","4","CKV_TF_1","Ensure Terraform module sources use a commit hash","cosmosdb","\main.byor.tf"
"Azure/avm-utl-network-ip-addresses/azurerm/0.1.1","Azure/terraform-azurerm-avm-utl-network-ip-addresses","azurerm","178345","","","","","",""
"Azure/avm-res-devopsinfrastructure-pool/azurerm/0.3.1","Azure/terraform-azurerm-avm-res-devopsinfrastructure-pool","azurerm","159807","","","","","",""
"Azure/postgresql/azurerm/3.2.0","Azure/terraform-azurerm-postgresql","azurerm","156025","5","1","CKV2_AZURE_42","Ensure Azure PostgreSQL server is configured with private endpoint","azurerm_postgresql_server.server","\main.tf"
"Azure/avm-ptn-hubnetworking/azurerm/0.13.2","Azure/terraform-azurerm-avm-ptn-hubnetworking","azurerm","154740","9","9","CKV_TF_1","Ensure Terraform module sources use a commit hash","hub_firewalls","\main.firewall.tf"
"Azure/avm-ptn-hubnetworking/azurerm/0.13.2","Azure/terraform-azurerm-avm-ptn-hubnetworking","azurerm","154740","9","9","CKV_TF_1","Ensure Terraform module sources use a commit hash","fw_default_ips","\main.firewall.tf"
"Azure/avm-ptn-hubnetworking/azurerm/0.13.2","Azure/terraform-azurerm-avm-ptn-hubnetworking","azurerm","154740","9","9","CKV_TF_1","Ensure Terraform module sources use a commit hash","fw_management_ips","\main.firewall.tf"
"Azure/avm-ptn-hubnetworking/azurerm/0.13.2","Azure/terraform-azurerm-avm-ptn-hubnetworking","azurerm","154740","9","9","CKV_TF_1","Ensure Terraform module sources use a commit hash","fw_policies","\main.firewall.tf"
"Azure/avm-ptn-hubnetworking/azurerm/0.13.2","Azure/terraform-azurerm-avm-ptn-hubnetworking","azurerm","154740","9","9","CKV_TF_1","Ensure Terraform module sources use a commit hash","hub_routing_firewall","\main.routing.tf"
"Azure/avm-ptn-hubnetworking/azurerm/0.13.2","Azure/terraform-azurerm-avm-ptn-hubnetworking","azurerm","154740","9","9","CKV_TF_1","Ensure Terraform module sources use a commit hash","hub_routing_user_subnets","\main.routing.tf"
"Azure/avm-ptn-hubnetworking/azurerm/0.13.2","Azure/terraform-azurerm-avm-ptn-hubnetworking","azurerm","154740","9","9","CKV_TF_1","Ensure Terraform module sources use a commit hash","hub_virtual_networks","\main.tf"
"Azure/avm-ptn-hubnetworking/azurerm/0.13.2","Azure/terraform-azurerm-avm-ptn-hubnetworking","azurerm","154740","9","9","CKV_TF_1","Ensure Terraform module sources use a commit hash","hub_virtual_network_subnets","\main.tf"
"Azure/avm-ptn-hubnetworking/azurerm/0.13.2","Azure/terraform-azurerm-avm-ptn-hubnetworking","azurerm","154740","9","9","CKV_TF_1","Ensure Terraform module sources use a commit hash","hub_virtual_network_peering","\main.tf"
"Azure/avm-res-search-searchservice/azurerm/0.3.0","Azure/terraform-azurerm-avm-res-search-searchservice","azurerm","153068","1","4","CKV_AZURE_207","Ensure Azure Cognitive Search service uses managed identities to access Azure resources","azurerm_search_service.this","\main.tf"
"Azure/avm-res-search-searchservice/azurerm/0.3.0","Azure/terraform-azurerm-avm-res-search-searchservice","azurerm","153068","1","4","CKV_AZURE_124","Ensure that Azure Cognitive Search disables public network access","azurerm_search_service.this","\main.tf"
"Azure/avm-res-search-searchservice/azurerm/0.3.0","Azure/terraform-azurerm-avm-res-search-searchservice","azurerm","153068","1","4","CKV_AZURE_208","Ensure that Azure Cognitive Search maintains SLA for index updates","azurerm_search_service.this","\main.tf"
"Azure/avm-res-search-searchservice/azurerm/0.3.0","Azure/terraform-azurerm-avm-res-search-searchservice","azurerm","153068","1","4","CKV_AZURE_209","Ensure that Azure Cognitive Search maintains SLA for search index queries","azurerm_search_service.this","\main.tf"
"shibayan/keyvault-acmebot/azurerm/3.1.4","shibayan/terraform-azurerm-keyvault-acmebot","azurerm","152606","10","11","CKV_AZURE_59","Ensure that Storage accounts disallow public access","azurerm_storage_account.storage","\main.tf"
"shibayan/keyvault-acmebot/azurerm/3.1.4","shibayan/terraform-azurerm-keyvault-acmebot","azurerm","152606","10","11","CKV_AZURE_33","Ensure Storage logging is enabled for Queue service for read, write and delete requests","azurerm_storage_account.storage","\main.tf"
"shibayan/keyvault-acmebot/azurerm/3.1.4","shibayan/terraform-azurerm-keyvault-acmebot","azurerm","152606","10","11","CKV_AZURE_206","Ensure that Storage Accounts use replication","azurerm_storage_account.storage","\main.tf"
"shibayan/keyvault-acmebot/azurerm/3.1.4","shibayan/terraform-azurerm-keyvault-acmebot","azurerm","152606","10","11","CKV_AZURE_212","Ensure App Service has a minimum number of instances for failover","azurerm_service_plan.serverfarm","\main.tf"
"shibayan/keyvault-acmebot/azurerm/3.1.4","shibayan/terraform-azurerm-keyvault-acmebot","azurerm","152606","10","11","CKV_AZURE_225","Ensure the App Service Plan is zone redundant","azurerm_service_plan.serverfarm","\main.tf"
"shibayan/keyvault-acmebot/azurerm/3.1.4","shibayan/terraform-azurerm-keyvault-acmebot","azurerm","152606","10","11","CKV_AZURE_221","Ensure that Azure Function App public network access is disabled","azurerm_windows_function_app.function","\main.tf"
"shibayan/keyvault-acmebot/azurerm/3.1.4","shibayan/terraform-azurerm-keyvault-acmebot","azurerm","152606","10","11","CKV2_AZURE_40","Ensure storage account is not configured with Shared Key authorization","azurerm_storage_account.storage","\main.tf"
"shibayan/keyvault-acmebot/azurerm/3.1.4","shibayan/terraform-azurerm-keyvault-acmebot","azurerm","152606","10","11","CKV2_AZURE_33","Ensure storage account is configured with private endpoint","azurerm_storage_account.storage","\main.tf"
"shibayan/keyvault-acmebot/azurerm/3.1.4","shibayan/terraform-azurerm-keyvault-acmebot","azurerm","152606","10","11","CKV2_AZURE_41","Ensure storage account is configured with SAS expiration policy","azurerm_storage_account.storage","\main.tf"
"shibayan/keyvault-acmebot/azurerm/3.1.4","shibayan/terraform-azurerm-keyvault-acmebot","azurerm","152606","10","11","CKV2_AZURE_38","Ensure soft-delete is enabled on Azure storage account","azurerm_storage_account.storage","\main.tf"
"shibayan/keyvault-acmebot/azurerm/3.1.4","shibayan/terraform-azurerm-keyvault-acmebot","azurerm","152606","10","11","CKV2_AZURE_1","Ensure storage for critical data are encrypted with Customer Managed Key","azurerm_storage_account.storage","\main.tf"
"Azure/avm-res-recoveryservices-vault/azurerm/1.2.0","Azure/terraform-azurerm-avm-res-recoveryservices-vault","azurerm","137142","","","","","",""
"aztfmod/caf-azure-firewall/azurerm/2.1.0","aztfmod/terraform-azurerm-caf-azure-firewall","azurerm","136088","1","3","CKV_TF_1","Ensure Terraform module sources use a commit hash","diagnostics_az_fw","\diagnostics.tf"
"aztfmod/caf-azure-firewall/azurerm/2.1.0","aztfmod/terraform-azurerm-caf-azure-firewall","azurerm","136088","1","3","CKV_AZURE_219","Ensure Firewall defines a firewall policy","azurerm_firewall.az_firewall","\module.tf"
"aztfmod/caf-azure-firewall/azurerm/2.1.0","aztfmod/terraform-azurerm-caf-azure-firewall","azurerm","136088","1","3","CKV_AZURE_216","Ensure DenyIntelMode is set to Deny for Azure Firewalls","azurerm_firewall.az_firewall","\module.tf"
"Azure/avm-res-network-applicationgatewaywebapplicationfirewallpolicy/azurerm/0.2.0","Azure/terraform-azurerm-avm-res-network-applicationgatewaywebapplicationfirewallpolicy","azurerm","133736","1","0","","","",""
"claranet/route-table/azurerm/8.0.4","claranet/terraform-azurerm-route-table","azurerm","115717","","","","","",""
"Azure/avm-res-network-dnszone/azurerm/0.2.1","Azure/terraform-azurerm-avm-res-network-dnszone","azurerm","105329","","","","","",""
"Azure/avm-res-compute-virtualmachinescaleset/azurerm/0.9.0","Azure/terraform-azurerm-avm-res-compute-virtualmachinescaleset","azurerm","104071","2","2","CKV_TF_1","Ensure Terraform module sources use a commit hash","managed_identities","\module.tf"
"Azure/avm-res-compute-virtualmachinescaleset/azurerm/0.9.0","Azure/terraform-azurerm-avm-res-compute-virtualmachinescaleset","azurerm","104071","2","2","CKV_TF_1","Ensure Terraform module sources use a commit hash","avm_utl_interfaces","\module.tf"
"Azure/avm-res-databricks-workspace/azurerm/0.5.0","Azure/terraform-azurerm-avm-res-databricks-workspace","azurerm","96796","","","","","",""
"Azure/avm-res-apimanagement-service/azurerm/0.9.0","Azure/terraform-azurerm-avm-res-apimanagement-service","azurerm","90162","2","2","CKV_AZURE_215","Ensure API management backend uses https","azurerm_api_management_backend.this","\main.backends.tf"
"Azure/avm-res-apimanagement-service/azurerm/0.9.0","Azure/terraform-azurerm-avm-res-apimanagement-service","azurerm","90162","2","2","CKV_AZURE_174","Ensure API management public access is disabled","azurerm_api_management.this","\main.tf"
"claranet/linux-vm/azurerm/8.7.3","claranet/terraform-azurerm-linux-vm","azurerm","89170","8","5","CKV_TF_1","Ensure Terraform module sources use a commit hash","azure_region","\m-region.tf"
"claranet/linux-vm/azurerm/8.7.3","claranet/terraform-azurerm-linux-vm","azurerm","89170","8","5","CKV_AZURE_50","Ensure Virtual Machine Extensions are not Installed","azurerm_linux_virtual_machine.main","\r-vm.tf"
"claranet/linux-vm/azurerm/8.7.3","claranet/terraform-azurerm-linux-vm","azurerm","89170","8","5","CKV_AZURE_1","Ensure Azure Instance does not use basic authentication(Use SSH Key Instead)","azurerm_linux_virtual_machine.main","\r-vm.tf"
"claranet/linux-vm/azurerm/8.7.3","claranet/terraform-azurerm-linux-vm","azurerm","89170","8","5","CKV_AZURE_149","Ensure that Virtual machine does not enable password authentication","azurerm_linux_virtual_machine.main","\r-vm.tf"
"claranet/linux-vm/azurerm/8.7.3","claranet/terraform-azurerm-linux-vm","azurerm","89170","8","5","CKV_AZURE_251","Ensure Azure Virtual Machine disks are configured without public network access","azurerm_managed_disk.main","\r-vm.tf"
"Azure/avm-res-desktopvirtualization-applicationgroup/azurerm/0.2.1","Azure/terraform-azurerm-avm-res-desktopvirtualization-applicationgroup","azurerm","88739","","","","","",""
"nlamirault/observability/azurerm/3.0.0","nlamirault/terraform-azurerm-observability","azurerm","87530","52","32","CKV_AZURE_33","Ensure Storage logging is enabled for Queue service for read, write and delete requests","azurerm_storage_account.this","\modules\loki\storage.tf"
"nlamirault/observability/azurerm/3.0.0","nlamirault/terraform-azurerm-observability","azurerm","87530","52","32","CKV_AZURE_206","Ensure that Storage Accounts use replication","azurerm_storage_account.this","\modules\loki\storage.tf"
"nlamirault/observability/azurerm/3.0.0","nlamirault/terraform-azurerm-observability","azurerm","87530","52","32","CKV_AZURE_33","Ensure Storage logging is enabled for Queue service for read, write and delete requests","azurerm_storage_account.this","\modules\mimir\storage.tf"
"nlamirault/observability/azurerm/3.0.0","nlamirault/terraform-azurerm-observability","azurerm","87530","52","32","CKV_AZURE_206","Ensure that Storage Accounts use replication","azurerm_storage_account.this","\modules\mimir\storage.tf"
"nlamirault/observability/azurerm/3.0.0","nlamirault/terraform-azurerm-observability","azurerm","87530","52","32","CKV_AZURE_33","Ensure Storage logging is enabled for Queue service for read, write and delete requests","azurerm_storage_account.this","\modules\prometheus\storage.tf"
"nlamirault/observability/azurerm/3.0.0","nlamirault/terraform-azurerm-observability","azurerm","87530","52","32","CKV_AZURE_206","Ensure that Storage Accounts use replication","azurerm_storage_account.this","\modules\prometheus\storage.tf"
"nlamirault/observability/azurerm/3.0.0","nlamirault/terraform-azurerm-observability","azurerm","87530","52","32","CKV_AZURE_33","Ensure Storage logging is enabled for Queue service for read, write and delete requests","azurerm_storage_account.this","\modules\tempo\storage.tf"
"nlamirault/observability/azurerm/3.0.0","nlamirault/terraform-azurerm-observability","azurerm","87530","52","32","CKV_AZURE_206","Ensure that Storage Accounts use replication","azurerm_storage_account.this","\modules\tempo\storage.tf"
"nlamirault/observability/azurerm/3.0.0","nlamirault/terraform-azurerm-observability","azurerm","87530","52","32","CKV2_AZURE_40","Ensure storage account is not configured with Shared Key authorization","azurerm_storage_account.this","\modules\loki\storage.tf"
"nlamirault/observability/azurerm/3.0.0","nlamirault/terraform-azurerm-observability","azurerm","87530","52","32","CKV2_AZURE_40","Ensure storage account is not configured with Shared Key authorization","azurerm_storage_account.this","\modules\mimir\storage.tf"
"nlamirault/observability/azurerm/3.0.0","nlamirault/terraform-azurerm-observability","azurerm","87530","52","32","CKV2_AZURE_40","Ensure storage account is not configured with Shared Key authorization","azurerm_storage_account.this","\modules\prometheus\storage.tf"
"nlamirault/observability/azurerm/3.0.0","nlamirault/terraform-azurerm-observability","azurerm","87530","52","32","CKV2_AZURE_40","Ensure storage account is not configured with Shared Key authorization","azurerm_storage_account.this","\modules\tempo\storage.tf"
"nlamirault/observability/azurerm/3.0.0","nlamirault/terraform-azurerm-observability","azurerm","87530","52","32","CKV2_AZURE_33","Ensure storage account is configured with private endpoint","azurerm_storage_account.this","\modules\loki\storage.tf"
"nlamirault/observability/azurerm/3.0.0","nlamirault/terraform-azurerm-observability","azurerm","87530","52","32","CKV2_AZURE_33","Ensure storage account is configured with private endpoint","azurerm_storage_account.this","\modules\mimir\storage.tf"
"nlamirault/observability/azurerm/3.0.0","nlamirault/terraform-azurerm-observability","azurerm","87530","52","32","CKV2_AZURE_33","Ensure storage account is configured with private endpoint","azurerm_storage_account.this","\modules\prometheus\storage.tf"
"nlamirault/observability/azurerm/3.0.0","nlamirault/terraform-azurerm-observability","azurerm","87530","52","32","CKV2_AZURE_33","Ensure storage account is configured with private endpoint","azurerm_storage_account.this","\modules\tempo\storage.tf"
"nlamirault/observability/azurerm/3.0.0","nlamirault/terraform-azurerm-observability","azurerm","87530","52","32","CKV2_AZURE_41","Ensure storage account is configured with SAS expiration policy","azurerm_storage_account.this","\modules\loki\storage.tf"
"nlamirault/observability/azurerm/3.0.0","nlamirault/terraform-azurerm-observability","azurerm","87530","52","32","CKV2_AZURE_41","Ensure storage account is configured with SAS expiration policy","azurerm_storage_account.this","\modules\mimir\storage.tf"
"nlamirault/observability/azurerm/3.0.0","nlamirault/terraform-azurerm-observability","azurerm","87530","52","32","CKV2_AZURE_41","Ensure storage account is configured with SAS expiration policy","azurerm_storage_account.this","\modules\prometheus\storage.tf"
"nlamirault/observability/azurerm/3.0.0","nlamirault/terraform-azurerm-observability","azurerm","87530","52","32","CKV2_AZURE_41","Ensure storage account is configured with SAS expiration policy","azurerm_storage_account.this","\modules\tempo\storage.tf"
"nlamirault/observability/azurerm/3.0.0","nlamirault/terraform-azurerm-observability","azurerm","87530","52","32","CKV2_AZURE_21","Ensure Storage logging is enabled for Blob service for read requests","azurerm_storage_container.this[""chunks""]","\modules\loki\storage.tf"
"nlamirault/observability/azurerm/3.0.0","nlamirault/terraform-azurerm-observability","azurerm","87530","52","32","CKV2_AZURE_21","Ensure Storage logging is enabled for Blob service for read requests","azurerm_storage_container.this[""tsdb""]","\modules\mimir\storage.tf"
"nlamirault/observability/azurerm/3.0.0","nlamirault/terraform-azurerm-observability","azurerm","87530","52","32","CKV2_AZURE_21","Ensure Storage logging is enabled for Blob service for read requests","azurerm_storage_container.this","\modules\prometheus\storage.tf"
"nlamirault/observability/azurerm/3.0.0","nlamirault/terraform-azurerm-observability","azurerm","87530","52","32","CKV2_AZURE_21","Ensure Storage logging is enabled for Blob service for read requests","azurerm_storage_container.this[""chunks""]","\modules\tempo\storage.tf"
"nlamirault/observability/azurerm/3.0.0","nlamirault/terraform-azurerm-observability","azurerm","87530","52","32","CKV2_AZURE_21","Ensure Storage logging is enabled for Blob service for read requests","azurerm_storage_container.this[""ruler""]","\modules\loki\storage.tf"
"nlamirault/observability/azurerm/3.0.0","nlamirault/terraform-azurerm-observability","azurerm","87530","52","32","CKV2_AZURE_21","Ensure Storage logging is enabled for Blob service for read requests","azurerm_storage_container.this[""admin""]","\modules\loki\storage.tf"
"nlamirault/observability/azurerm/3.0.0","nlamirault/terraform-azurerm-observability","azurerm","87530","52","32","CKV2_AZURE_21","Ensure Storage logging is enabled for Blob service for read requests","azurerm_storage_container.this[""ruler""]","\modules\mimir\storage.tf"
"nlamirault/observability/azurerm/3.0.0","nlamirault/terraform-azurerm-observability","azurerm","87530","52","32","CKV2_AZURE_21","Ensure Storage logging is enabled for Blob service for read requests","azurerm_storage_container.this[""admin""]","\modules\mimir\storage.tf"
"nlamirault/observability/azurerm/3.0.0","nlamirault/terraform-azurerm-observability","azurerm","87530","52","32","CKV2_AZURE_1","Ensure storage for critical data are encrypted with Customer Managed Key","azurerm_storage_account.this","\modules\loki\storage.tf"
"nlamirault/observability/azurerm/3.0.0","nlamirault/terraform-azurerm-observability","azurerm","87530","52","32","CKV2_AZURE_1","Ensure storage for critical data are encrypted with Customer Managed Key","azurerm_storage_account.this","\modules\mimir\storage.tf"
"nlamirault/observability/azurerm/3.0.0","nlamirault/terraform-azurerm-observability","azurerm","87530","52","32","CKV2_AZURE_1","Ensure storage for critical data are encrypted with Customer Managed Key","azurerm_storage_account.this","\modules\prometheus\storage.tf"
"nlamirault/observability/azurerm/3.0.0","nlamirault/terraform-azurerm-observability","azurerm","87530","52","32","CKV2_AZURE_1","Ensure storage for critical data are encrypted with Customer Managed Key","azurerm_storage_account.this","\modules\tempo\storage.tf"
"Azure/avm-res-dbformysql-flexibleserver/azurerm/0.1.6","Azure/terraform-azurerm-avm-res-dbformysql-flexibleserver","azurerm","86415","3","0","","","",""
"aztfmod/caf-diagnostics/azurerm/1.0.0","aztfmod/terraform-azurerm-caf-diagnostics","azurerm","86348","","","","","",""
"Azure/avm-res-compute-gallery/azurerm/0.2.0","Azure/terraform-azurerm-avm-res-compute-gallery","azurerm","84962","","","","","",""
"Azure/avm-res-desktopvirtualization-workspace/azurerm/0.2.2","Azure/terraform-azurerm-avm-res-desktopvirtualization-workspace","azurerm","84716","","","","","",""
"Azure/avm-res-desktopvirtualization-hostpool/azurerm/0.4.0","Azure/terraform-azurerm-avm-res-desktopvirtualization-hostpool","azurerm","82890","","","","","",""
"Azure/avm-res-machinelearningservices-workspace/azurerm/0.9.0","Azure/terraform-azurerm-avm-res-machinelearningservices-workspace","azurerm","79129","","","","","",""
"claranet/vm-logs/azurerm/4.2.0","claranet/terraform-azurerm-vm-logs","azurerm","77644","","","","","",""
"Azure/avm-res-insights-autoscalesetting/azurerm/0.1.2","Azure/terraform-azurerm-avm-res-insights-autoscalesetting","azurerm","77624","","","","","",""
"claranet/run-common/azurerm/7.3.1","claranet/terraform-azurerm-run-common","azurerm","76453","5","6","CKV_TF_1","Ensure Terraform module sources use a commit hash","keyvault","\modules.tf"
"claranet/run-common/azurerm/7.3.1","claranet/terraform-azurerm-run-common","azurerm","76453","5","6","CKV_TF_1","Ensure Terraform module sources use a commit hash","module.logs.log_sas_token","\modules\logs\r-logs-sas.tf"
"claranet/run-common/azurerm/7.3.1","claranet/terraform-azurerm-run-common","azurerm","76453","5","6","CKV_TF_1","Ensure Terraform module sources use a commit hash","module.logs.storage_logs","\modules\logs\r-storage.tf"
"claranet/run-common/azurerm/7.3.1","claranet/terraform-azurerm-run-common","azurerm","76453","5","6","CKV_TF_1","Ensure Terraform module sources use a commit hash","module.monitoring_function[0].function","\modules\monitoring_function\r-function.tf"
"claranet/run-common/azurerm/7.3.1","claranet/terraform-azurerm-run-common","azurerm","76453","5","6","CKV2_AZURE_20","Ensure Storage logging is enabled for Table service for read requests","module.monitoring_function[0].azurerm_storage_table.queries","\modules\monitoring_function\r-queries.tf"
"claranet/run-common/azurerm/7.3.1","claranet/terraform-azurerm-run-common","azurerm","76453","5","6","CKV2_AZURE_21","Ensure Storage logging is enabled for Blob service for read requests","module.logs.azurerm_storage_container.container_webapps","\modules\logs\r-storage.tf"
"Azure/avm-res-network-networkwatcher/azurerm/0.3.2","Azure/terraform-azurerm-avm-res-network-networkwatcher","azurerm","74238","","","","","",""
"Azure/loadbalancer/azurerm/4.4.0","Azure/terraform-azurerm-loadbalancer","azurerm","74001","","","","","",""
"Azure/avm-res-datafactory-factory/azurerm/0.1.0","Azure/terraform-azurerm-avm-res-datafactory-factory","azurerm","71639","2","1","CKV_AZURE_104","Ensure that Azure Data factory public network access is disabled","azurerm_data_factory.this","\main.datafactory.tf"
"Azure/avm-res-web-staticsite/azurerm/0.6.2","Azure/terraform-azurerm-avm-res-web-staticsite","azurerm","68695","","","","","",""
"Azure/avm-res-sql-managedinstance/azurerm/0.3.1","Azure/terraform-azurerm-avm-res-sql-managedinstance","azurerm","65271","","","","","",""
"aztfmod/caf-security-center/azurerm/2.0.0","aztfmod/terraform-azurerm-caf-security-center","azurerm","64629","12","0","","","",""
"Azure/avm-res-automation-automationaccount/azurerm/0.2.0","Azure/terraform-azurerm-avm-res-automation-automationaccount","azurerm","62515","2","4","CKV_AZURE_73","Ensure that Automation account variables are encrypted","azurerm_automation_variable_bool.this","\main.tf"
"Azure/avm-res-automation-automationaccount/azurerm/0.2.0","Azure/terraform-azurerm-avm-res-automation-automationaccount","azurerm","62515","2","4","CKV_AZURE_73","Ensure that Automation account variables are encrypted","azurerm_automation_variable_datetime.this","\main.tf"
"Azure/avm-res-automation-automationaccount/azurerm/0.2.0","Azure/terraform-azurerm-avm-res-automation-automationaccount","azurerm","62515","2","4","CKV_AZURE_73","Ensure that Automation account variables are encrypted","azurerm_automation_variable_int.this","\main.tf"
"Azure/avm-res-automation-automationaccount/azurerm/0.2.0","Azure/terraform-azurerm-avm-res-automation-automationaccount","azurerm","62515","2","4","CKV_AZURE_73","Ensure that Automation account variables are encrypted","azurerm_automation_variable_string.this","\main.tf"
"Azure/database/azurerm/2.0.0","Azure/terraform-azurerm-database","azurerm","60979","2","1","CKV2_AZURE_34","Ensure Azure SQL server firewall is not overly permissive","azurerm_sql_firewall_rule.fw","\main.tf"
"aztfmod/caf-public-ip/azurerm/2.1.0","aztfmod/terraform-azurerm-caf-public-ip","azurerm","58552","1","1","CKV_TF_1","Ensure Terraform module sources use a commit hash","diagnostics_pip","\diagnostics.tf"
"aztfmod/caf-activity-logs/azurerm/3.1.0","aztfmod/terraform-azurerm-caf-activity-logs","azurerm","58425","5","11","CKV_AZURE_59","Ensure that Storage accounts disallow public access","azurerm_storage_account.log","\module.tf"
"aztfmod/caf-activity-logs/azurerm/3.1.0","aztfmod/terraform-azurerm-caf-activity-logs","azurerm","58425","5","11","CKV_AZURE_33","Ensure Storage logging is enabled for Queue service for read, write and delete requests","azurerm_storage_account.log","\module.tf"
"aztfmod/caf-activity-logs/azurerm/3.1.0","aztfmod/terraform-azurerm-caf-activity-logs","azurerm","58425","5","11","CKV_AZURE_44","Ensure Storage Account is using the latest version of TLS encryption","azurerm_storage_account.log","\module.tf"
"aztfmod/caf-activity-logs/azurerm/3.1.0","aztfmod/terraform-azurerm-caf-activity-logs","azurerm","58425","5","11","CKV_AZURE_43","Ensure Storage Accounts adhere to the naming rules","azurerm_storage_account.log","\module.tf"
"aztfmod/caf-activity-logs/azurerm/3.1.0","aztfmod/terraform-azurerm-caf-activity-logs","azurerm","58425","5","11","CKV_AZURE_190","Ensure that Storage blobs restrict public access","azurerm_storage_account.log","\module.tf"
"aztfmod/caf-activity-logs/azurerm/3.1.0","aztfmod/terraform-azurerm-caf-activity-logs","azurerm","58425","5","11","CKV2_AZURE_40","Ensure storage account is not configured with Shared Key authorization","azurerm_storage_account.log","\module.tf"
"aztfmod/caf-activity-logs/azurerm/3.1.0","aztfmod/terraform-azurerm-caf-activity-logs","azurerm","58425","5","11","CKV2_AZURE_47","Ensure storage account is configured without blob anonymous access","azurerm_storage_account.log","\module.tf"
"aztfmod/caf-activity-logs/azurerm/3.1.0","aztfmod/terraform-azurerm-caf-activity-logs","azurerm","58425","5","11","CKV2_AZURE_33","Ensure storage account is configured with private endpoint","azurerm_storage_account.log","\module.tf"
"aztfmod/caf-activity-logs/azurerm/3.1.0","aztfmod/terraform-azurerm-caf-activity-logs","azurerm","58425","5","11","CKV2_AZURE_41","Ensure storage account is configured with SAS expiration policy","azurerm_storage_account.log","\module.tf"
"aztfmod/caf-activity-logs/azurerm/3.1.0","aztfmod/terraform-azurerm-caf-activity-logs","azurerm","58425","5","11","CKV2_AZURE_38","Ensure soft-delete is enabled on Azure storage account","azurerm_storage_account.log","\module.tf"
"aztfmod/caf-activity-logs/azurerm/3.1.0","aztfmod/terraform-azurerm-caf-activity-logs","azurerm","58425","5","11","CKV2_AZURE_1","Ensure storage for critical data are encrypted with Customer Managed Key","azurerm_storage_account.log","\module.tf"
"Azure/avm-res-desktopvirtualization-scalingplan/azurerm/0.2.1","Azure/terraform-azurerm-avm-res-desktopvirtualization-scalingplan","azurerm","55683","","","","","",""
aztfmod/caf/azurerm/5.7.14,aztfmod/terraform-azurerm-caf,azurerm,2485339,,,,,,
Azure/avm-res-network-loadbalancer/azurerm/0.5.0,Azure/terraform-azurerm-avm-res-network-loadbalancer,azurerm,193490,,,,,,
